,index,Unnamed: 0,NODE_ID,정류소명,X좌표,Y좌표,법정동코드,법정동_구,법정동,academy_cnt,kindergarten_cnt,mart_cnt,restaurant_cnt,school_cnt,university_cnt,subway_cnt,tour_cnt,cafe_cnt,hospital_cnt,culture_cnt,univ_hospital_cnt,public_office_cnt,employee_cnt,alone_ratio,emp_corp_ratio,population_15to64,RIDE_SUM_6_10,ALIGHT_SUM_6_10,Label,gmm_cluster,구-동
272,5194,5194,111001114,MBC,126.8908953,37.58165157,1144012700,마포구,상암동,9,11,0,417,1,0,1,1,134,34,6,0,5,49456,0.12541906933083,12.327018943170488,21507,53563,17169,0,8,마포구상암동
273,5195,5195,111001115,MBC,126.8909503,37.58189405,1144012700,마포구,상암동,9,11,0,393,1,0,1,1,126,33,6,0,4,49456,0.12541906933083,12.327018943170488,21507,2630,135491,0,8,마포구상암동
387,5994,5994,113000075,상암초등학교,126.8932805,37.57647391,1144012700,마포구,상암동,23,15,1,465,1,0,1,3,140,33,9,0,2,49456,0.12541906933083,12.327018943170488,21507,168351,60031,0,8,마포구상암동
388,5995,5995,113000076,상암초등학교,126.8934931,37.57663449,1144012700,마포구,상암동,23,15,1,462,1,0,1,3,141,33,8,0,2,49456,0.12541906933083,12.327018943170488,21507,37355,260329,0,8,마포구상암동
393,6095,6095,113000192,상암DMC홍보관.YTN,126.891323,37.577985,1144012700,마포구,상암동,22,15,1,578,2,0,1,2,166,39,9,0,2,49456,0.12541906933083,12.327018943170488,21507,46193,487784,0,8,마포구상암동
394,6096,6096,113000193,상암DMC홍보관.YTN,126.8912876,37.57746059,1144012700,마포구,상암동,23,16,1,561,2,0,0,2,162,37,9,0,2,49456,0.12541906933083,12.327018943170488,21507,124898,334950,0,8,마포구상암동
395,6103,6103,113000201,월드컵파크4단지후문.JTBC,126.8900683,37.57738557,1144012700,마포구,상암동,18,15,1,504,2,0,0,2,146,39,8,0,2,49456,0.12541906933083,12.327018943170488,21507,55750,54465,0,8,마포구상암동
396,6105,6105,113000203,월드컵파크4단지후문.JTBC,126.8900281,37.57780994,1144012700,마포구,상암동,19,16,1,530,2,0,0,2,153,39,8,0,2,49456,0.12541906933083,12.327018943170488,21507,7359,66488,0,8,마포구상암동
397,6106,6106,113000204,누리꿈스퀘어.MBC,126.889637,37.578988,1144012700,마포구,상암동,16,13,1,469,2,0,0,2,149,40,8,0,2,49456,0.12541906933083,12.327018943170488,21507,34696,600644,0,8,마포구상암동
405,6172,6172,113000452,SBS.YTN,126.8940289,37.5796266,1144012700,마포구,상암동,15,9,2,612,1,0,2,1,160,46,9,0,4,49456,0.12541906933083,12.327018943170488,21507,10594,63465,0,8,마포구상암동
406,6173,6173,113000453,SBS.YTN,126.8944828,37.57974505,1144012700,마포구,상암동,15,10,2,584,1,0,2,1,155,44,9,0,4,49456,0.12541906933083,12.327018943170488,21507,4227,81969,0,8,마포구상암동
408,6186,6186,113000469,상암동주민센터앞,126.8939275,37.5784614,1144012700,마포구,상암동,20,15,2,586,1,0,2,1,169,46,10,0,3,49456,0.12541906933083,12.327018943170488,21507,3092,8095,0,8,마포구상암동
411,6196,6196,113000480,월드컵파크4단지,126.88981,37.57829993,1144012700,마포구,상암동,20,13,1,511,2,0,0,2,153,41,8,0,2,49456,0.12541906933083,12.327018943170488,21507,61645,59815,0,8,마포구상암동
412,6224,6224,113900001,MBC,126.8917373,37.57962812,1144012700,마포구,상암동,15,10,1,612,2,0,1,2,164,42,9,0,4,49456,0.12541906933083,12.327018943170488,21507,1455,226137,0,8,마포구상암동
413,6236,6236,113900013,YTN뉴스퀘어.CJE&M,126.8916612,37.57908555,1144012700,마포구,상암동,15,11,1,608,2,0,1,2,168,41,8,0,3,49456,0.12541906933083,12.327018943170488,21507,9028,614,0,8,마포구상암동
435,6421,6421,113900198,KBS미디어센터,126.8912678,37.5762495,1144012700,마포구,상암동,22,17,1,490,2,0,0,3,144,37,10,0,2,49456,0.12541906933083,12.327018943170488,21507,622,38903,0,8,마포구상암동
453,6949,6949,115000005,등촌중학교.백석초등학교,126.8615537,37.5526278,1150010200,강서구,등촌동,54,13,1,304,2,0,1,0,60,35,0,0,1,40715,0.1853280263519077,5.898160220194119,54807,189621,199179,0,1,강서구등촌동
454,6950,6950,115000006,등촌중학교.백석초등학교,126.8605244,37.55286538,1150010200,강서구,등촌동,54,14,1,249,3,0,0,0,61,30,0,0,1,40715,0.1853280263519077,5.898160220194119,54807,143965,173354,0,1,강서구등촌동
455,6951,6951,115000007,백석초등학교.한국임업진흥원,126.8616543,37.55270361,1150010200,강서구,등촌동,54,13,1,306,2,0,1,0,61,35,0,0,1,40715,0.1853280263519077,5.898160220194119,54807,44370,24839,0,1,강서구등촌동
456,6955,6955,115000013,등촌주공5단지아파트,126.8439052,37.55816464,1150010200,강서구,등촌동,168,12,3,278,4,0,0,2,62,42,6,0,1,40715,0.1853280263519077,5.898160220194119,54807,5585,17000,0,6,강서구등촌동
457,6957,6957,115000016,발산역5번출구,126.8394839,37.55821097,1150010600,강서구,내발산동,129,9,2,637,4,0,1,0,118,88,3,0,1,12968,0.0650421399780139,4.033592534992224,23383,3917,28168,0,7,강서구내발산동
458,6980,6980,115000039,가양역.마포중고등학교,126.8542039,37.55892751,1150010200,강서구,등촌동,39,14,2,250,8,0,1,0,68,49,5,0,1,40715,0.1853280263519077,5.898160220194119,54807,246852,476541,0,6,강서구등촌동
459,6981,6981,115000040,가양역.마포중고등학교,126.8541936,37.55955916,1150010200,강서구,등촌동,34,15,2,237,9,0,1,0,59,55,5,0,1,40715,0.1853280263519077,5.898160220194119,54807,321359,250635,0,6,강서구등촌동
460,6982,6982,115000041,경복비즈니스고등학교,126.8534483,37.55752808,1150010200,강서구,등촌동,43,11,3,338,7,0,1,1,88,41,7,0,1,40715,0.1853280263519077,5.898160220194119,54807,180974,473863,0,6,강서구등촌동
461,6983,6983,115000042,경복비즈니스고등학교,126.853122,37.55766284,1150010200,강서구,등촌동,43,11,3,337,7,0,1,1,87,42,7,0,2,40715,0.1853280263519077,5.898160220194119,54807,44463,57087,0,6,강서구등촌동
462,6996,6996,115000055,외발산신광명마을,126.8215259,37.54606458,1150010700,강서구,외발산동,6,2,0,23,2,0,0,0,5,2,0,0,0,9301,0.0598147993659798,4.688004032258065,8531,16052,97318,0,1,강서구외발산동
463,6997,6997,115000056,외발산신광명마을,126.821132,37.545958,1150010700,강서구,외발산동,4,2,0,22,1,0,0,0,5,1,0,0,0,9301,0.0598147993659798,4.688004032258065,8531,15548,34384,0,1,강서구외발산동
464,6998,6998,115000057,강서면허시험장.메이필드호텔,126.819496,37.5496839,1150010700,강서구,외발산동,6,5,0,44,2,0,0,0,7,3,0,0,0,9301,0.0598147993659798,4.688004032258065,8531,50652,141297,0,1,강서구외발산동
465,6999,6999,115000058,강서면허시험장.메이필드호텔,126.8203783,37.54752982,1150010700,강서구,외발산동,6,2,0,23,2,0,0,0,6,2,0,0,0,9301,0.0598147993659798,4.688004032258065,8531,9023,50953,0,1,강서구외발산동
466,7000,7000,115000059,강서농수산물도매시장,126.81998,37.55187,1150010700,강서구,외발산동,6,5,1,62,4,0,0,0,9,2,0,0,1,9301,0.0598147993659798,4.688004032258065,8531,15351,31129,0,1,강서구외발산동
467,7016,7016,115000076,영일고등학교.강서도서관,126.8633554,37.54898858,1150010200,강서구,등촌동,78,19,1,388,2,0,1,1,68,62,0,0,4,40715,0.1853280263519077,5.898160220194119,54807,190075,146786,0,1,강서구등촌동
468,7020,7020,115000080,용문사.시립화곡청소년센터,126.8633458,37.53709721,1150010200,강서구,등촌동,64,20,0,269,3,0,0,1,59,39,0,0,1,40715,0.1853280263519077,5.898160220194119,54807,443899,94441,0,1,강서구등촌동
469,7058,7058,115000120,발산역.우장산힐스테이트,126.8376255,37.5560386,1150010600,강서구,내발산동,162,14,1,493,7,0,1,0,89,80,1,0,1,12968,0.0650421399780139,4.033592534992224,23383,66615,114498,0,7,강서구내발산동
470,7059,7059,115000121,발산역.우장산힐스테이트,126.8374836,37.55676559,1150010600,강서구,내발산동,151,12,2,646,6,0,1,0,115,94,2,0,1,12968,0.0650421399780139,4.033592534992224,23383,46727,63122,0,7,강서구내발산동
471,7065,7065,115000127,서울강서우체국,126.8400518,37.56456734,1150010200,강서구,등촌동,14,9,1,288,3,0,1,0,90,23,1,0,0,40715,0.1853280263519077,5.898160220194119,54807,28558,12847,0,6,강서구등촌동
474,7092,7092,115000154,태영.삼성한사랑아파트,126.8654574,37.55506527,1150010200,강서구,등촌동,77,17,1,228,3,0,1,2,58,24,1,0,1,40715,0.1853280263519077,5.898160220194119,54807,103636,17912,0,6,강서구등촌동
475,7130,7130,115000196,등촌3동5단지아파트.등촌고등학교,126.84519,37.561745,1150010200,강서구,등촌동,149,17,3,256,6,0,0,0,60,33,3,0,1,40715,0.1853280263519077,5.898160220194119,54807,36279,13217,0,6,강서구등촌동
476,7131,7131,115000197,등촌3동5단지아파트.등촌고등학교,126.8455808,37.56177301,1150010200,강서구,등촌동,147,19,4,261,6,0,0,0,59,35,3,0,2,40715,0.1853280263519077,5.898160220194119,54807,35267,15265,0,6,강서구등촌동
477,7132,7132,115000198,등촌3동주공4단지아파트,126.8430372,37.56240403,1150010200,강서구,등촌동,141,15,4,347,5,0,0,0,87,56,4,0,0,40715,0.1853280263519077,5.898160220194119,54807,64219,10830,0,6,강서구등촌동
478,7133,7133,115000199,등촌동부영아파트,126.8431058,37.56260957,1150010200,강서구,등촌동,130,14,4,311,5,0,0,0,84,36,4,0,0,40715,0.1853280263519077,5.898160220194119,54807,76545,8280,0,6,강서구등촌동
479,7134,7134,115000200,등촌3동주공10단지아파트,126.8474153,37.56196643,1150010200,강서구,등촌동,139,17,3,244,8,0,0,0,53,58,4,0,2,40715,0.1853280263519077,5.898160220194119,54807,50130,12042,0,6,강서구등촌동
480,7135,7135,115000201,등촌3동대림아파트,126.8472923,37.5623231,1150010200,강서구,등촌동,131,19,3,236,7,0,0,0,50,54,2,0,2,40715,0.1853280263519077,5.898160220194119,54807,27570,20423,0,6,강서구등촌동
481,7146,7146,115000218,수협직판장,126.818273,37.552122,1150010700,강서구,외발산동,3,3,0,56,1,0,0,0,11,3,0,0,1,9301,0.0598147993659798,4.688004032258065,8531,61645,59815,0,1,강서구외발산동
482,7147,7147,115000219,청과2시장,126.821887,37.554348,1150010700,강서구,외발산동,67,12,2,95,3,0,0,0,21,14,0,0,1,9301,0.0598147993659798,4.688004032258065,8531,61645,59815,0,1,강서구외발산동
483,7160,7160,115000236,등촌주공1.2단지,126.8432439,37.56584647,1150010200,강서구,등촌동,26,9,3,257,3,0,1,0,82,17,0,0,1,40715,0.1853280263519077,5.898160220194119,54807,61645,59815,0,1,강서구등촌동
484,7161,7161,115000237,등촌2단지부영아파트,126.8425802,37.56383165,1150010200,강서구,등촌동,76,11,2,279,4,0,1,0,86,23,3,0,0,40715,0.1853280263519077,5.898160220194119,54807,61645,59815,0,6,강서구등촌동
485,7169,7169,115000246,등촌주공9단지,126.850602,37.561643,1150010200,강서구,등촌동,125,16,4,254,9,0,1,0,56,68,5,0,2,40715,0.1853280263519077,5.898160220194119,54807,7231,2736,0,6,강서구등촌동
486,7170,7170,115000247,강서구민올림픽체육센터,126.850182,37.559912,1150010200,강서구,등촌동,138,15,5,284,9,0,1,1,61,73,7,0,2,40715,0.1853280263519077,5.898160220194119,54807,4642,2940,0,6,강서구등촌동
487,7178,7178,115000255,부영주공1단지,126.843218,37.5641614,1150010200,강서구,등촌동,88,12,1,260,5,0,1,0,80,24,1,0,0,40715,0.1853280263519077,5.898160220194119,54807,61645,59815,0,6,강서구등촌동
488,7179,7179,115000256,등촌주공1.2단지,126.842626,37.5663016,1150010200,강서구,등촌동,30,9,3,261,3,0,1,0,85,16,0,0,1,40715,0.1853280263519077,5.898160220194119,54807,61645,59815,0,1,강서구등촌동
489,7185,7185,115000262,강서구민올림픽체육센터,126.850322,37.559795,1150010200,강서구,등촌동,135,15,4,283,9,0,1,1,60,72,7,0,2,40715,0.1853280263519077,5.898160220194119,54807,1782,3888,0,6,강서구등촌동
490,7186,7186,115000263,등촌9단지SBS공개홀,126.850932,37.561875,1150010200,강서구,등촌동,117,17,4,238,8,0,1,0,56,67,5,0,2,40715,0.1853280263519077,5.898160220194119,54807,809,3757,0,6,강서구등촌동
491,7202,7202,115000284,발산역7번출구,126.8378252,37.55788431,1150010600,강서구,내발산동,107,8,2,684,3,0,1,0,132,92,3,0,1,12968,0.0650421399780139,4.033592534992224,23383,7947,22609,0,7,강서구내발산동
492,7205,7205,115000296,외발산동기점,126.8213322,37.54520915,1150010700,강서구,외발산동,3,2,0,13,1,0,0,0,3,1,0,0,0,9301,0.0598147993659798,4.688004032258065,8531,44293,1015,0,1,강서구외발산동
493,7238,7238,115000538,강서면허시험장메이필트호텔,126.8181908,37.55024778,1150010700,강서구,외발산동,5,3,0,48,2,0,0,0,7,3,0,0,0,9301,0.0598147993659798,4.688004032258065,8531,61645,59815,0,1,강서구외발산동
494,7246,7246,115000558,강서면허시험장.강서농수산물시장,126.8184685,37.55009773,1150010700,강서구,외발산동,5,4,0,47,1,0,0,0,7,3,0,0,0,9301,0.0598147993659798,4.688004032258065,8531,19066,15584,0,1,강서구외발산동
495,7247,7247,115000559,수협공판장,126.8193639,37.55329167,1150010700,강서구,외발산동,4,5,1,56,2,0,0,0,9,2,0,0,1,9301,0.0598147993659798,4.688004032258065,8531,61645,59815,0,1,강서구외발산동
496,7250,7250,115000563,대한항공,126.8168536,37.549578,1150010700,강서구,외발산동,0,1,0,27,1,0,0,0,6,3,0,0,0,9301,0.0598147993659798,4.688004032258065,8531,61645,59815,0,1,강서구외발산동
497,7251,7251,115000568,대한항공빌딩,126.8145691,37.55073415,1150010700,강서구,외발산동,0,0,0,29,1,0,0,0,5,1,0,0,0,9301,0.0598147993659798,4.688004032258065,8531,61645,59815,0,1,강서구외발산동
498,7252,7252,115000570,대한항공,126.8160727,37.5490911,1150010700,강서구,외발산동,0,0,0,23,1,0,0,0,6,1,0,0,0,9301,0.0598147993659798,4.688004032258065,8531,61645,59815,0,1,강서구외발산동
499,7258,7258,115000577,대한항공,126.8159368,37.54960181,1150010700,강서구,외발산동,0,0,0,26,2,0,0,0,5,1,0,0,0,9301,0.0598147993659798,4.688004032258065,8531,61645,59815,0,1,강서구외발산동
500,7267,7267,115000590,KBS스포츠월드,126.850512,37.556782,1150010200,강서구,등촌동,32,8,2,377,7,0,0,2,66,29,6,0,2,40715,0.1853280263519077,5.898160220194119,54807,89272,178326,0,6,강서구등촌동
501,7291,7291,115000619,메이필드호텔,126.8185609,37.54718808,1150010700,강서구,외발산동,4,1,0,22,2,0,0,0,6,3,0,0,0,9301,0.0598147993659798,4.688004032258065,8531,61645,59815,0,1,강서구외발산동
502,7292,7292,115000620,대한항공,126.8150621,37.54998341,1150010700,강서구,외발산동,0,0,0,27,2,0,0,0,6,1,0,0,0,9301,0.0598147993659798,4.688004032258065,8531,61645,59815,0,1,강서구외발산동
503,7294,7294,115000622,대한항공,126.8145135,37.55078903,1150010700,강서구,외발산동,0,0,0,29,1,0,0,0,5,1,0,0,0,9301,0.0598147993659798,4.688004032258065,8531,61645,59815,0,1,강서구외발산동
504,7296,7296,115000625,대한항공차고지,126.815969,37.54893415,1150010700,강서구,외발산동,0,0,0,15,1,0,0,0,5,1,0,0,0,9301,0.0598147993659798,4.688004032258065,8531,61645,59815,0,1,강서구외발산동
505,7307,7307,115000640,강서면허시험장,126.8188279,37.55027309,1150010700,강서구,외발산동,5,4,0,48,1,0,0,0,7,3,0,0,0,9301,0.0598147993659798,4.688004032258065,8531,61645,59815,0,1,강서구외발산동
506,7317,7317,115000893,발산역,126.8376109,37.55857335,1150010600,강서구,내발산동,93,7,2,736,3,0,1,0,152,94,4,0,1,12968,0.0650421399780139,4.033592534992224,23383,175728,102837,0,7,강서구내발산동
507,7335,7335,115000915,대한항공.메이필드호텔,126.8168623,37.54951082,1150010700,강서구,외발산동,0,1,0,26,1,0,0,0,6,3,0,0,0,9301,0.0598147993659798,4.688004032258065,8531,984,32,0,1,강서구외발산동
508,7336,7336,115000916,영인운수.차고지,126.8179353,37.54533512,1150010700,강서구,외발산동,2,1,0,11,1,0,0,0,3,0,0,0,0,9301,0.0598147993659798,4.688004032258065,8531,678,496,0,1,강서구외발산동
509,7337,7337,115000917,영인운수.차고지,126.8182036,37.54532236,1150010700,강서구,외발산동,2,1,0,11,1,0,0,0,3,0,0,0,0,9301,0.0598147993659798,4.688004032258065,8531,2,1489,0,1,강서구외발산동
510,7344,7344,115000924,대한항공,126.8164831,37.54988855,1150010700,강서구,외발산동,0,0,0,27,1,0,0,0,6,2,0,0,0,9301,0.0598147993659798,4.688004032258065,8531,61645,59815,0,1,강서구외발산동
511,7349,7349,115000934,다솔마을.강서농수산물도매시장,126.8198769,37.55481797,1150010700,강서구,외발산동,11,14,1,61,4,0,0,0,11,0,0,0,1,9301,0.0598147993659798,4.688004032258065,8531,8593,13438,0,1,강서구외발산동
512,7369,7369,115900003,등촌9단지,126.8487623,37.56140678,1150010200,강서구,등촌동,132,15,4,260,8,0,0,0,54,63,5,0,2,40715,0.1853280263519077,5.898160220194119,54807,20681,4095,0,6,강서구등촌동
513,7390,7390,115900025,등촌강변샤르망오피스텔,126.8571485,37.55862474,1150010200,강서구,등촌동,47,17,3,262,7,0,2,0,80,46,3,0,3,40715,0.1853280263519077,5.898160220194119,54807,1947,14890,0,6,강서구등촌동
514,7423,7423,115900059,경복비즈니스고등학교,126.8534899,37.55765699,1150010200,강서구,등촌동,44,11,3,329,7,0,1,1,88,42,6,0,1,40715,0.1853280263519077,5.898160220194119,54807,61645,59815,0,6,강서구등촌동
515,7433,7433,115900069,등촌현대아파트,126.8550856,37.55661729,1150010200,강서구,등촌동,40,11,2,384,6,0,0,0,90,36,2,0,2,40715,0.1853280263519077,5.898160220194119,54807,3349,11865,0,6,강서구등촌동
516,7447,7447,115900083,발산역,126.8377691,37.55767158,1150010600,강서구,내발산동,115,8,2,679,3,0,1,0,129,92,2,0,1,12968,0.0650421399780139,4.033592534992224,23383,61645,59815,0,7,강서구내발산동
518,7500,7500,115900136,발산역.우장산힐스테이트,126.8376591,37.55618733,1150010600,강서구,내발산동,162,13,2,578,6,0,1,0,106,84,2,0,1,12968,0.0650421399780139,4.033592534992224,23383,61645,59815,0,7,강서구내발산동
519,7501,7501,115900137,청과시장2,126.8212167,37.55185365,1150010700,강서구,외발산동,45,7,1,69,3,0,0,0,16,13,0,0,1,9301,0.0598147993659798,4.688004032258065,8531,2383,554,0,1,강서구외발산동
520,7515,7515,115900151,등촌5단지,126.8439156,37.55914234,1150010200,강서구,등촌동,169,13,3,300,5,0,0,1,58,40,6,0,1,40715,0.1853280263519077,5.898160220194119,54807,5245,7394,0,6,강서구등촌동
521,7517,7517,115900153,등촌10단지,126.8486444,37.56153368,1150010200,강서구,등촌동,132,16,4,263,9,0,0,0,55,63,5,0,2,40715,0.1853280263519077,5.898160220194119,54807,15288,8776,0,6,강서구등촌동
523,7533,7533,115900170,태영.삼성한사랑아파트,126.8653894,37.55514359,1150010200,강서구,등촌동,74,17,1,225,3,0,1,2,57,25,1,0,1,40715,0.1853280263519077,5.898160220194119,54807,61645,59815,0,6,강서구등촌동
524,7536,7536,115900173,등촌주공9단지,126.8498917,37.56268147,1150010200,강서구,등촌동,118,19,4,215,8,0,1,1,47,60,3,0,2,40715,0.1853280263519077,5.898160220194119,54807,22701,7340,0,6,강서구등촌동
525,7548,7548,115900187,전화국,126.8403195,37.56444316,1150010200,강서구,등촌동,14,9,2,312,3,0,1,0,98,23,2,0,0,40715,0.1853280263519077,5.898160220194119,54807,388,12110,0,6,강서구등촌동
526,7553,7553,115900192,서울자동차학원,126.8215964,37.54690451,1150010700,강서구,외발산동,6,3,0,23,2,0,0,0,5,2,0,0,1,9301,0.0598147993659798,4.688004032258065,8531,1520,10188,0,1,강서구외발산동
527,7562,7562,115900201,강서농수산물도매시장,126.8179816,37.55344093,1150010700,강서구,외발산동,7,6,1,63,1,0,0,0,13,1,0,0,1,9301,0.0598147993659798,4.688004032258065,8531,16701,19462,0,1,강서구외발산동
528,7566,7566,115900205,강서면허시험장,126.8188852,37.54972334,1150010700,강서구,외발산동,6,4,0,44,2,0,0,0,7,3,0,0,0,9301,0.0598147993659798,4.688004032258065,8531,2053,981,0,1,강서구외발산동
529,7570,7570,115900209,신광명마을,126.8240687,37.54710826,1150010700,강서구,외발산동,6,5,0,20,4,0,0,1,5,2,0,0,1,9301,0.0598147993659798,4.688004032258065,8531,1540,6839,0,7,강서구외발산동
530,7642,7642,115900281,등촌역1번출구,126.8632088,37.55206812,1150010200,강서구,등촌동,71,12,0,351,3,0,1,0,53,49,0,0,1,40715,0.1853280263519077,5.898160220194119,54807,17346,58848,0,1,강서구등촌동
1042,10253,10253,121000001,교육개발원입구,127.038482,37.47859,1165010200,서초구,양재동,30,1,1,211,1,0,0,2,102,5,6,0,3,52897,0.1390147406036628,7.494616038537829,22602,65326,197800,0,6,서초구양재동
1043,10254,10254,121000002,교육개발원입구,127.038758,37.477818,1165010200,서초구,양재동,28,1,1,235,1,0,0,2,104,7,5,0,3,52897,0.1390147406036628,7.494616038537829,22602,183706,197616,0,6,서초구양재동
1044,10255,10255,121000003,양재역.서초문화예술회관,127.035902,37.48261,1165010200,서초구,양재동,74,5,1,403,3,0,2,0,96,86,6,0,5,52897,0.1390147406036628,7.494616038537829,22602,550686,209542,0,8,서초구양재동
1045,10256,10256,121000004,양재역.서초문화예술회관,127.036827,37.481927,1165010200,서초구,양재동,60,5,2,405,2,0,2,0,101,83,5,0,5,52897,0.1390147406036628,7.494616038537829,22602,259589,419335,0,8,서초구양재동
1046,10426,10426,121000194,양재역.양재1동민원분소,127.0374188,37.48476913,1165010200,서초구,양재동,102,7,1,425,4,0,2,0,100,89,7,0,6,52897,0.1390147406036628,7.494616038537829,22602,189516,186356,0,8,서초구양재동
1047,10427,10427,121000195,양재노인종합복지관,127.0421051,37.48332398,1165010200,서초구,양재동,70,6,2,463,2,0,0,1,117,37,9,0,2,52897,0.1390147406036628,7.494616038537829,22602,31047,157236,0,6,서초구양재동
1048,10428,10428,121000196,블랙야크양재사옥,127.0411739,37.4801407,1165010200,서초구,양재동,46,5,2,346,1,0,0,3,121,20,11,0,3,52897,0.1390147406036628,7.494616038537829,22602,58654,50055,0,6,서초구양재동
1049,10429,10429,121000197,현대빌라.에코맘코리아,127.0356383,37.47613979,1165010200,서초구,양재동,15,7,0,98,2,0,0,2,66,3,2,0,0,52897,0.1390147406036628,7.494616038537829,22602,13100,130550,0,6,서초구양재동
1050,10430,10430,121000198,현대빌라.에코맘코리아,127.0361957,37.4762865,1165010200,서초구,양재동,16,6,0,109,2,0,0,2,68,3,2,0,0,52897,0.1390147406036628,7.494616038537829,22602,21711,42261,0,6,서초구양재동
1051,10445,10445,121000213,양재역,127.0348614,37.4832966,1165010200,서초구,양재동,79,5,1,440,3,0,2,0,104,90,7,0,5,52897,0.1390147406036628,7.494616038537829,22602,1548550,333937,0,8,서초구양재동
1052,10446,10446,121000214,양재역,127.0354258,37.48354655,1165010200,서초구,양재동,83,6,1,449,3,0,2,0,104,90,6,0,5,52897,0.1390147406036628,7.494616038537829,22602,134969,175490,0,8,서초구양재동
1053,10447,10447,121000215,일동제약사거리,127.038204,37.47886213,1165010200,서초구,양재동,29,2,1,217,1,0,0,2,105,7,6,0,3,52897,0.1390147406036628,7.494616038537829,22602,73372,239036,0,6,서초구양재동
1054,10448,10448,121000216,일동제약사거리,127.0386916,37.47949725,1165010200,서초구,양재동,35,3,1,266,1,0,0,2,113,13,6,0,3,52897,0.1390147406036628,7.494616038537829,22602,45967,53561,0,6,서초구양재동
1055,10449,10449,121000217,양재2동주민센터.양재꽃시장,127.0394643,37.46958572,1165010200,서초구,양재동,29,5,2,219,2,0,1,1,52,10,8,0,2,52897,0.1390147406036628,7.494616038537829,22602,343678,406221,0,6,서초구양재동
1056,10450,10450,121000218,매헌시민의숲,127.038353,37.473135,1165010200,서초구,양재동,26,2,0,146,2,0,1,3,74,8,4,0,2,52897,0.1390147406036628,7.494616038537829,22602,49998,242034,0,6,서초구양재동
1057,10451,10451,121000219,언남고교,127.0389281,37.47327954,1165010200,서초구,양재동,35,3,1,179,3,0,1,3,84,8,6,0,2,52897,0.1390147406036628,7.494616038537829,22602,151068,92596,0,6,서초구양재동
1058,10452,10452,121000220,매헌시민의숲.양재꽃시장,127.03836,37.470867,1165010200,서초구,양재동,23,3,2,172,2,0,1,2,47,10,7,0,2,52897,0.1390147406036628,7.494616038537829,22602,36311,10643,0,6,서초구양재동
1059,10453,10453,121000221,매헌시민의숲.양재꽃시장,127.039043,37.471255,1165010200,서초구,양재동,29,4,2,183,3,0,1,2,56,11,7,0,2,52897,0.1390147406036628,7.494616038537829,22602,40152,62500,0,6,서초구양재동
1060,10454,10454,121000222,AT센터.양재꽃시장,127.039655,37.468707,1165010200,서초구,양재동,29,4,2,210,1,0,1,1,52,10,7,0,2,52897,0.1390147406036628,7.494616038537829,22602,524780,321292,0,6,서초구양재동
1061,10460,10460,121000228,구룡사,127.048132,37.474022,1165010200,서초구,양재동,76,18,2,388,5,0,0,1,93,24,7,0,2,52897,0.1390147406036628,7.494616038537829,22602,3918,62125,0,6,서초구양재동
1062,10461,10461,121000229,구룡사입구,127.0501272,37.47209126,1165010200,서초구,양재동,57,14,2,123,3,0,0,1,46,14,3,0,1,52897,0.1390147406036628,7.494616038537829,22602,45652,46223,0,6,서초구양재동
1063,10462,10462,121000230,동원산업앞,127.0453961,37.47664737,1165010200,서초구,양재동,65,8,1,466,2,0,0,3,118,32,6,0,2,52897,0.1390147406036628,7.494616038537829,22602,8334,296610,0,6,서초구양재동
1064,10463,10463,121000231,언남고포이성당앞,127.0458263,37.47203264,1165010200,서초구,양재동,61,12,4,342,3,0,0,0,86,20,4,0,2,52897,0.1390147406036628,7.494616038537829,22602,215142,3044,0,6,서초구양재동
1065,10464,10464,121000232,양재119안전센터앞,127.0411736,37.46936257,1165010200,서초구,양재동,42,6,2,227,3,0,1,1,56,16,8,0,2,52897,0.1390147406036628,7.494616038537829,22602,42588,27425,0,6,서초구양재동
1066,10465,10465,121000233,소방서앞,127.0417268,37.46993097,1165010200,서초구,양재동,54,7,2,246,3,0,1,1,64,18,8,0,2,52897,0.1390147406036628,7.494616038537829,22602,77404,37105,0,6,서초구양재동
1067,10528,10528,121000332,언남고교앞,127.045608,37.47180925,1165010200,서초구,양재동,58,11,4,340,3,0,0,0,83,17,4,0,3,52897,0.1390147406036628,7.494616038537829,22602,61645,59815,0,6,서초구양재동
1068,10535,10535,121000481,일동제약사거리,127.0377635,37.47982645,1165010200,서초구,양재동,32,2,1,306,1,0,1,2,109,17,7,0,3,52897,0.1390147406036628,7.494616038537829,22602,61645,59815,0,6,서초구양재동
1069,10591,10591,121000969,양재역엘타워빌딩,127.03563,37.48256107,1165010200,서초구,양재동,69,3,1,400,3,0,2,0,93,86,6,0,5,52897,0.1390147406036628,7.494616038537829,22602,61645,59815,0,8,서초구양재동
1070,10592,10592,121000970,양재역9번출구,127.0355509,37.48266382,1165010200,서초구,양재동,72,3,1,398,3,0,2,0,95,87,6,0,5,52897,0.1390147406036628,7.494616038537829,22602,61645,59815,0,8,서초구양재동
1071,10593,10593,121000971,양재역커피빈앞,127.0353406,37.48283689,1165010200,서초구,양재동,74,3,1,417,3,0,2,0,100,88,6,0,5,52897,0.1390147406036628,7.494616038537829,22602,61645,59815,0,8,서초구양재동
1072,10594,10594,121000972,양재역신한은행앞,127.0352378,37.48290901,1165010200,서초구,양재동,77,4,1,425,3,0,2,0,97,88,6,0,5,52897,0.1390147406036628,7.494616038537829,22602,61645,59815,0,8,서초구양재동
1073,10614,10614,121001306,AT센터,127.0392362,37.47012556,1165010200,서초구,양재동,27,5,2,216,2,0,1,2,50,10,8,0,2,52897,0.1390147406036628,7.494616038537829,22602,61645,59815,0,6,서초구양재동
1074,10615,10615,121001307,AT센터,127.0391733,37.46871805,1165010200,서초구,양재동,29,3,2,207,1,0,1,1,50,10,8,0,2,52897,0.1390147406036628,7.494616038537829,22602,61645,59815,0,6,서초구양재동
1075,10656,10656,121900016,매헌시민의숲,127.0389144,37.4730822,1165010200,서초구,양재동,32,2,1,189,3,0,1,3,80,9,5,0,2,52897,0.1390147406036628,7.494616038537829,22602,908,3819,0,6,서초구양재동
1076,10670,10670,121900030,원불교,127.0424409,37.48333107,1165010200,서초구,양재동,67,6,2,445,2,0,0,1,111,28,9,0,2,52897,0.1390147406036628,7.494616038537829,22602,29070,42009,0,6,서초구양재동
1077,10671,10671,121900031,양재역7번출구.프라자약국,127.035159,37.48372183,1165010200,서초구,양재동,82,5,1,455,3,0,2,0,108,90,6,0,5,52897,0.1390147406036628,7.494616038537829,22602,123624,602384,0,8,서초구양재동
1078,10715,10715,121900075,현대빌라,127.0361686,37.47621622,1165010200,서초구,양재동,16,6,0,111,2,0,0,2,66,3,2,0,0,52897,0.1390147406036628,7.494616038537829,22602,32231,77780,0,6,서초구양재동
1079,10721,10721,121900081,양재역.환승주차장,127.0343618,37.48377343,1165010200,서초구,양재동,77,5,1,457,3,0,2,0,106,88,6,0,5,52897,0.1390147406036628,7.494616038537829,22602,61645,59815,0,8,서초구양재동
1080,10734,10734,121900094,매헌시민의숲,127.0383773,37.47291026,1165010200,서초구,양재동,26,2,0,152,2,0,1,3,73,9,4,0,2,52897,0.1390147406036628,7.494616038537829,22602,1228,1895,0,6,서초구양재동
1081,10744,10744,121900104,언남중고교,127.0457968,37.47187946,1165010200,서초구,양재동,59,10,4,339,3,0,0,0,85,17,4,0,2,52897,0.1390147406036628,7.494616038537829,22602,169897,39003,0,6,서초구양재동
1082,10764,10764,121900124,양재근린공원,127.0415088,37.47240909,1165010200,서초구,양재동,62,9,4,357,3,0,1,3,97,19,7,0,2,52897,0.1390147406036628,7.494616038537829,22602,23007,12775,0,8,서초구양재동
1083,10771,10771,121900131,언남고,127.0433501,37.47359429,1165010200,서초구,양재동,63,8,3,387,3,0,0,1,97,23,5,0,1,52897,0.1390147406036628,7.494616038537829,22602,23441,10195,0,6,서초구양재동
1084,10784,10784,121900144,교육개발원입구사거리,127.0394643,37.47821021,1165010200,서초구,양재동,36,1,1,274,0,0,0,2,114,11,5,0,3,52897,0.1390147406036628,7.494616038537829,22602,11412,56241,0,6,서초구양재동
1085,10787,10787,121900147,현대캐피탈,127.0410922,37.47971901,1165010200,서초구,양재동,44,4,2,366,0,0,0,3,119,23,7,0,3,52897,0.1390147406036628,7.494616038537829,22602,4353,30395,0,6,서초구양재동
1086,10790,10790,121900150,원불교,127.0426751,37.48143055,1165010200,서초구,양재동,59,7,2,436,1,0,0,2,122,25,10,0,1,52897,0.1390147406036628,7.494616038537829,22602,3682,19302,0,6,서초구양재동
1087,10809,10809,121900169,구룡사입구,127.0505079,37.47172345,1165010200,서초구,양재동,49,12,2,105,1,0,0,1,44,14,3,0,1,52897,0.1390147406036628,7.494616038537829,22602,1265,25524,0,6,서초구양재동
1088,10816,10816,121900176,구룡사거리,127.0481442,37.47399432,1165010200,서초구,양재동,76,19,2,384,5,0,0,1,91,24,7,0,2,52897,0.1390147406036628,7.494616038537829,22602,49512,158425,0,6,서초구양재동
1089,10830,10830,121900190,매헌초교,127.0422087,37.47046876,1165010200,서초구,양재동,59,7,4,263,3,0,1,1,72,20,8,0,2,52897,0.1390147406036628,7.494616038537829,22602,18997,35815,0,6,서초구양재동
1090,10837,10837,121900197,언남중고교,127.0456986,37.47198673,1165010200,서초구,양재동,61,10,4,348,3,0,0,0,87,20,4,0,2,52897,0.1390147406036628,7.494616038537829,22602,30006,90061,0,6,서초구양재동
1091,10859,10859,121900219,남서울농협,127.0408401,37.47976866,1165010200,서초구,양재동,44,4,2,341,0,0,0,3,118,20,8,0,3,52897,0.1390147406036628,7.494616038537829,22602,61645,59815,0,6,서초구양재동
1092,10912,10912,121900273,교육개발원입구사거리,127.0386623,37.47956304,1165010200,서초구,양재동,35,3,1,269,1,0,0,2,112,14,7,0,3,52897,0.1390147406036628,7.494616038537829,22602,35844,185436,0,6,서초구양재동
1093,10928,10928,121900290,일동제약,127.0370543,37.47718824,1165010200,서초구,양재동,21,2,1,131,1,0,0,3,83,2,4,0,3,52897,0.1390147406036628,7.494616038537829,22602,12691,126660,0,6,서초구양재동
1094,10929,10929,121900291,원불교,127.0420565,37.48341411,1165010200,서초구,양재동,78,6,2,464,2,0,0,1,116,37,9,0,2,52897,0.1390147406036628,7.494616038537829,22602,30389,111646,0,6,서초구양재동
1095,10930,10930,121900292,원불교,127.0419263,37.48099108,1165010200,서초구,양재동,51,6,2,396,1,0,0,2,120,24,12,0,3,52897,0.1390147406036628,7.494616038537829,22602,12129,12878,0,6,서초구양재동
1096,10931,10931,121900293,동원산업,127.0454402,37.47659509,1165010200,서초구,양재동,66,8,2,464,2,0,0,3,118,32,6,0,2,52897,0.1390147406036628,7.494616038537829,22602,66070,543393,0,6,서초구양재동
1097,10936,10936,121900298,일동제약,127.0376175,37.47735116,1165010200,서초구,양재동,21,2,1,156,1,0,0,3,89,4,4,0,3,52897,0.1390147406036628,7.494616038537829,22602,10187,101231,0,6,서초구양재동
1098,10961,10961,121900323,양재시민의숲매헌역입구,127.0376108,37.46943556,1165010200,서초구,양재동,20,3,1,167,1,0,1,2,41,10,6,0,2,52897,0.1390147406036628,7.494616038537829,22602,5235,2764,0,6,서초구양재동
1099,10962,10962,121900324,양재시민의숲매헌역입구,127.0378469,37.46913327,1165010200,서초구,양재동,21,3,1,176,1,0,1,2,42,10,6,0,2,52897,0.1390147406036628,7.494616038537829,22602,260,3466,0,6,서초구양재동
1114,11189,11189,122000218,원불교앞,127.0423551,37.48355818,1165010200,서초구,양재동,72,6,2,456,2,0,0,1,108,30,9,0,2,52897,0.1390147406036628,7.494616038537829,22602,69080,9598,0,6,서초구양재동
1115,11234,11234,122000264,구룡사입구,127.0507511,37.47192069,1165010200,서초구,양재동,50,13,2,107,3,0,0,1,45,13,3,0,1,52897,0.1390147406036628,7.494616038537829,22602,165756,33171,0,6,서초구양재동
1116,11235,11235,122000265,국악고교사거리,127.048045,37.47452692,1165010200,서초구,양재동,82,18,2,419,5,0,0,1,104,34,7,0,2,52897,0.1390147406036628,7.494616038537829,22602,281595,97856,0,6,서초구양재동
1117,11236,11236,122000266,삼호물산,127.0452517,37.47724305,1165010200,서초구,양재동,57,8,1,447,0,0,0,4,120,31,6,0,2,52897,0.1390147406036628,7.494616038537829,22602,345110,67652,0,6,서초구양재동
1157,11510,11510,122900029,양재역.종합복지관,127.0362733,37.4846217,1165010200,서초구,양재동,102,8,1,452,4,0,2,0,110,93,6,0,6,52897,0.1390147406036628,7.494616038537829,22602,621000,214092,0,8,서초구양재동
1158,11511,11511,122900030,양재역5번출구,127.0366159,37.48467026,1165010200,서초구,양재동,99,7,1,443,4,0,2,0,103,93,6,0,6,52897,0.1390147406036628,7.494616038537829,22602,260777,36626,0,8,서초구양재동
1256,12123,12123,124000020,둔촌푸르지오아파트,127.1446716,37.53464259,1174010600,강동구,둔촌동,77,20,0,317,3,0,0,1,66,34,1,0,3,10704,0.0937010954616588,5.314796425024826,18569,6481,10578,0,7,강동구둔촌동
1257,12125,12125,124000022,둔촌2동주민센터.서울양병원,127.1420298,37.53365008,1174010600,강동구,둔촌동,77,17,0,439,1,0,1,1,81,60,1,0,3,10704,0.0937010954616588,5.314796425024826,18569,7648,13287,0,7,강동구둔촌동
1258,12130,12130,124000027,천호역5번출구.천호사거리,127.1271403,37.53775533,1174010900,강동구,천호동,69,5,3,714,0,0,2,9,134,136,2,0,4,29406,0.1815039302964295,3.28045515394913,62587,108392,79330,0,5,강동구천호동
1259,12159,12159,124000056,암사역2번출구.암사종합시장,127.1275283,37.54960071,1174010900,강동구,천호동,91,27,0,373,3,0,1,1,64,62,0,0,4,29406,0.1815039302964295,3.28045515394913,62587,124563,61880,0,7,강동구천호동
1260,12162,12162,124000059,서울현대요양병원,127.1248167,37.54291928,1174010900,강동구,천호동,44,9,3,475,1,0,1,8,85,77,1,0,3,29406,0.1815039302964295,3.28045515394913,62587,135776,120727,0,5,강동구천호동
1261,12163,12163,124000060,서울현대요양병원,127.124856,37.5420614,1174010900,강동구,천호동,54,6,3,527,0,0,2,8,97,114,2,0,3,29406,0.1815039302964295,3.28045515394913,62587,41994,39843,0,5,강동구천호동
1262,12164,12164,124000061,천호역2번출구.현대백화점,127.123821,37.54024317,1174010900,강동구,천호동,59,3,3,626,0,0,2,7,109,131,3,0,4,29406,0.1815039302964295,3.28045515394913,62587,138875,661307,0,5,강동구천호동
1263,12165,12165,124000062,천호역3번출구.현대백화점,127.1240057,37.53995311,1174010900,강동구,천호동,59,3,3,654,0,0,2,7,114,131,3,0,4,29406,0.1815039302964295,3.28045515394913,62587,215373,88893,0,5,강동구천호동
1264,12194,12194,124000091,약수터,127.1419783,37.53198828,1174010600,강동구,둔촌동,77,14,0,262,5,0,0,1,70,38,1,0,4,10704,0.0937010954616588,5.314796425024826,18569,75819,17709,0,7,강동구둔촌동
1265,12195,12195,124000092,약수터,127.1415428,37.53217107,1174010600,강동구,둔촌동,80,16,0,284,5,0,0,1,72,45,1,0,4,10704,0.0937010954616588,5.314796425024826,18569,41461,55093,0,7,강동구둔촌동
1266,12214,12214,124000111,참잘함한방병원,127.1398826,37.54113355,1174010900,강동구,천호동,85,23,2,476,1,0,1,0,75,52,0,0,1,29406,0.1815039302964295,3.28045515394913,62587,30732,11473,0,7,강동구천호동
1267,12216,12216,124000113,천동초등학교.천호도서관,127.1366641,37.54042365,1174010900,강동구,천호동,62,14,2,414,2,0,1,0,67,62,2,0,0,29406,0.1815039302964295,3.28045515394913,62587,21662,12487,0,7,강동구천호동
1268,12226,12226,124000123,명일역1번출구.명일전통시장,127.1436703,37.55002461,1174010900,강동구,천호동,124,16,2,362,3,0,1,1,70,84,1,0,2,29406,0.1815039302964295,3.28045515394913,62587,72250,36147,0,7,강동구천호동
1269,12228,12228,124000125,굽은다리사거리,127.1433278,37.54791016,1174010900,강동구,천호동,116,24,2,400,3,0,2,1,80,73,3,0,3,29406,0.1815039302964295,3.28045515394913,62587,50139,27309,0,7,강동구천호동
1270,12230,12230,124000127,십자성마을,127.1419715,37.54345768,1174010900,강동구,천호동,84,28,1,350,2,0,1,1,63,32,3,0,4,29406,0.1815039302964295,3.28045515394913,62587,122329,25723,0,7,강동구천호동
1271,12237,12237,124000134,동명약국앞,127.1375191,37.53064703,1174010600,강동구,둔촌동,61,15,1,352,3,0,1,0,77,61,2,0,3,10704,0.0937010954616588,5.314796425024826,18569,77869,55829,0,7,강동구둔촌동
1272,12239,12239,124000136,둔촌동역2번출구,127.1365196,37.52758769,1174010600,강동구,둔촌동,94,9,1,392,3,0,1,0,59,64,1,0,2,10704,0.0937010954616588,5.314796425024826,18569,44327,65524,0,7,강동구둔촌동
1273,12241,12241,124000138,한국전력공사강동송파지사,127.135469,37.52476125,1174010600,강동구,둔촌동,83,8,1,371,3,0,1,0,57,58,2,0,1,10704,0.0937010954616588,5.314796425024826,18569,74015,79293,0,7,강동구둔촌동
1274,12300,12300,124000232,천호우체국,127.1254334,37.5408398,1174010900,강동구,천호동,62,7,3,588,0,0,2,8,110,143,3,0,4,29406,0.1815039302964295,3.28045515394913,62587,61645,59815,0,5,강동구천호동
1275,12306,12306,124000258,성덕중고등학교,127.1425139,37.55053658,1174010900,강동구,천호동,124,14,2,353,4,0,1,1,65,79,0,0,2,29406,0.1815039302964295,3.28045515394913,62587,2036,14641,0,7,강동구천호동
1276,12310,12310,124000269,천호초교입구사거리,127.1338743,37.54591451,1174010900,강동구,천호동,37,21,1,292,4,0,0,0,49,21,0,0,3,29406,0.1815039302964295,3.28045515394913,62587,2922,2481,0,7,강동구천호동
1277,12311,12311,124000272,천호시장,127.1291639,37.54058257,1174010900,강동구,천호동,40,12,3,624,0,0,0,6,99,97,2,0,3,29406,0.1815039302964295,3.28045515394913,62587,61645,59815,0,5,강동구천호동
1278,12312,12312,124000273,천호초교입구사거리,127.133725,37.54597686,1174010900,강동구,천호동,35,20,1,295,4,0,0,0,49,21,0,0,3,29406,0.1815039302964295,3.28045515394913,62587,9016,1379,0,7,강동구천호동
1279,12313,12313,124000274,천호시장,127.1290759,37.54069711,1174010900,강동구,천호동,40,11,3,622,0,0,0,6,94,98,2,0,3,29406,0.1815039302964295,3.28045515394913,62587,61645,59815,0,5,강동구천호동
1280,12315,12315,124000330,천호우체국.로데오거리,127.1273371,37.54034306,1174010900,강동구,천호동,61,8,3,668,0,0,2,8,122,139,3,0,3,29406,0.1815039302964295,3.28045515394913,62587,61645,59815,0,5,강동구천호동
1281,12319,12319,124000334,우성아파트,127.1393385,37.55038573,1174010900,강동구,천호동,85,17,3,301,4,0,1,1,44,54,0,0,2,29406,0.1815039302964295,3.28045515394913,62587,61645,59815,0,7,강동구천호동
1282,12320,12320,124000335,천호우체국.로데오거리,127.1272741,37.54055579,1174010900,강동구,천호동,58,8,3,641,0,0,2,8,115,139,3,0,3,29406,0.1815039302964295,3.28045515394913,62587,61645,59815,0,5,강동구천호동
1283,12326,12326,124000345,천호역,127.127292,37.537724,1174010900,강동구,천호동,69,5,3,709,0,0,3,9,134,139,2,0,4,29406,0.1815039302964295,3.28045515394913,62587,61645,59815,0,5,강동구천호동
1284,12336,12336,124000355,둔촌동역,127.1364583,37.52748053,1174010600,강동구,둔촌동,95,9,1,392,3,0,1,0,58,64,1,0,2,10704,0.0937010954616588,5.314796425024826,18569,61645,59815,0,7,강동구둔촌동
1285,12345,12345,124000364,길동주민센터.둔촌2동주민센터,127.142105,37.533887,1174010600,강동구,둔촌동,79,16,0,445,1,0,1,1,80,66,1,0,3,10704,0.0937010954616588,5.314796425024826,18569,51205,53626,0,7,강동구둔촌동
1286,12351,12351,124000399,굽은다리역,127.142752,37.545591,1174010900,강동구,천호동,98,29,1,319,2,0,1,0,66,38,3,0,1,29406,0.1815039302964295,3.28045515394913,62587,61645,59815,0,7,강동구천호동
1287,12355,12355,124000405,굽은다리역구민회관.강동홈플러스,127.1427152,37.5453581,1174010900,강동구,천호동,96,28,1,327,2,0,1,1,69,37,3,0,1,29406,0.1815039302964295,3.28045515394913,62587,83381,46221,0,7,강동구천호동
1288,12364,12364,124000414,천일초교사거리,127.132309,37.54460068,1174010900,강동구,천호동,34,19,0,289,4,0,0,1,51,34,0,0,3,29406,0.1815039302964295,3.28045515394913,62587,31798,9585,0,7,강동구천호동
1289,12365,12365,124000415,천일초교사거리,127.1312463,37.54453699,1174010900,강동구,천호동,32,18,0,301,3,0,0,1,48,35,1,0,3,29406,0.1815039302964295,3.28045515394913,62587,9956,5260,0,7,강동구천호동
1290,12366,12366,124000416,천일중.구강사,127.1290019,37.54493529,1174010900,강동구,천호동,40,14,0,313,3,0,0,3,57,31,1,0,3,29406,0.1815039302964295,3.28045515394913,62587,22032,12914,0,7,강동구천호동
1291,12367,12367,124000417,천일중.구강사,127.1289183,37.54510904,1174010900,강동구,천호동,44,15,0,326,3,0,0,3,57,32,1,0,3,29406,0.1815039302964295,3.28045515394913,62587,42078,11623,0,7,강동구천호동
1292,12368,12368,124000418,천동초교삼거리,127.1367999,37.54156668,1174010900,강동구,천호동,63,21,2,300,2,0,0,0,52,37,0,0,2,29406,0.1815039302964295,3.28045515394913,62587,46570,4952,0,7,강동구천호동
1293,12369,12369,124000419,천동초교삼거리,127.1361012,37.54203546,1174010900,강동구,천호동,57,23,1,293,2,0,0,0,57,19,0,0,2,29406,0.1815039302964295,3.28045515394913,62587,22511,4134,0,7,강동구천호동
1294,12370,12370,124000420,동아하이빌,127.1342904,37.54385053,1174010900,강동구,천호동,51,22,0,288,4,0,0,1,52,32,0,0,3,29406,0.1815039302964295,3.28045515394913,62587,30720,3038,0,7,강동구천호동
1295,12397,12397,124000452,천호역1번출구.문구거리,127.1219098,37.53946346,1174010900,강동구,천호동,58,6,3,530,0,0,2,6,88,124,3,0,2,29406,0.1815039302964295,3.28045515394913,62587,69479,16108,0,5,강동구천호동
1296,12415,12415,124900001,고분다리,127.131286,37.54266537,1174010900,강동구,천호동,27,13,1,308,3,0,0,2,49,32,1,0,2,29406,0.1815039302964295,3.28045515394913,62587,95945,21986,0,7,강동구천호동
1297,12429,12429,124900015,둔촌역,127.1372435,37.52870061,1174010600,강동구,둔촌동,89,11,1,359,3,0,1,0,61,56,1,0,2,10704,0.0937010954616588,5.314796425024826,18569,15032,30272,0,7,강동구둔촌동
1298,12430,12430,124900016,한산중학교,127.1389985,37.52818853,1174010600,강동구,둔촌동,74,11,1,289,3,0,1,0,51,50,1,0,1,10704,0.0937010954616588,5.314796425024826,18569,13174,12939,0,7,강동구둔촌동
1299,12441,12441,124900027,천호시장,127.1301021,37.54124745,1174010900,강동구,천호동,35,12,3,497,1,0,0,4,81,59,2,0,3,29406,0.1815039302964295,3.28045515394913,62587,11682,24027,0,5,강동구천호동
1300,12442,12442,124900028,둔촌역,127.1372148,37.52848798,1174010600,강동구,둔촌동,84,10,1,341,3,0,1,0,59,55,1,0,2,10704,0.0937010954616588,5.314796425024826,18569,20529,6921,0,7,강동구둔촌동
1301,12449,12449,124900035,둔촌푸르지오아파트사거리,127.1450863,37.53433571,1174010600,강동구,둔촌동,76,19,0,264,3,0,0,2,55,27,0,0,3,10704,0.0937010954616588,5.314796425024826,18569,11833,12421,0,7,강동구둔촌동
1302,12452,12452,124900038,천호시장,127.1293712,37.54065263,1174010900,강동구,천호동,39,12,3,619,0,0,0,6,94,95,2,0,3,29406,0.1815039302964295,3.28045515394913,62587,9272,12301,0,5,강동구천호동
1303,12459,12459,124900045,성덕고등학교,127.1425837,37.55053233,1174010900,강동구,천호동,124,14,2,353,4,0,1,1,66,79,0,0,2,29406,0.1815039302964295,3.28045515394913,62587,11244,62696,0,7,강동구천호동
1304,12462,12462,124900048,브라운스톤,127.1301482,37.54887157,1174010900,강동구,천호동,88,20,0,483,2,0,1,0,78,78,0,0,4,29406,0.1815039302964295,3.28045515394913,62587,24223,4482,0,7,강동구천호동
1305,12464,12464,124900050,서울.경기양돈농협,127.1332864,37.54754436,1174010900,강동구,천호동,43,20,1,319,3,0,0,0,53,24,0,0,5,29406,0.1815039302964295,3.28045515394913,62587,25336,6883,0,7,강동구천호동
1306,12491,12491,124900081,천호초교입구사거리,127.1336388,37.54585351,1174010900,강동구,천호동,36,21,1,295,3,0,0,0,51,21,0,0,3,29406,0.1815039302964295,3.28045515394913,62587,129633,17105,0,7,강동구천호동
1307,12492,12492,124900082,고분다리,127.1316893,37.54293435,1174010900,강동구,천호동,27,13,0,294,3,0,0,1,45,27,1,0,2,29406,0.1815039302964295,3.28045515394913,62587,40146,25459,0,7,강동구천호동
1308,12493,12493,124900083,천호우성아파트,127.1391292,37.55037877,1174010900,강동구,천호동,85,17,2,298,4,0,1,1,45,54,0,0,2,29406,0.1815039302964295,3.28045515394913,62587,31666,26009,0,7,강동구천호동
1309,12494,12494,124900084,천호역.현대백화점,127.123974,37.53983379,1174010900,강동구,천호동,58,3,3,660,0,0,2,7,114,130,3,0,4,29406,0.1815039302964295,3.28045515394913,62587,61645,59815,0,5,강동구천호동
1310,12496,12496,124900086,천호동로데오거리,127.1271983,37.54056488,1174010900,강동구,천호동,58,8,3,642,0,0,2,8,114,139,3,0,3,29406,0.1815039302964295,3.28045515394913,62587,1220,73802,0,5,강동구천호동
1311,12497,12497,124900087,천호우체국,127.1253621,37.5408597,1174010900,강동구,천호동,62,7,3,588,0,0,2,8,109,139,3,0,4,29406,0.1815039302964295,3.28045515394913,62587,18355,3539,0,5,강동구천호동
1312,12498,12498,124900088,천호동로데오거리,127.1271889,37.54036214,1174010900,강동구,천호동,59,7,3,664,0,0,2,8,122,139,3,0,3,29406,0.1815039302964295,3.28045515394913,62587,6823,5343,0,5,강동구천호동
1313,12499,12499,124900089,암사종합시장,127.1282505,37.54969905,1174010900,강동구,천호동,97,29,0,385,3,0,1,0,64,63,0,0,4,29406,0.1815039302964295,3.28045515394913,62587,36479,1697,0,7,강동구천호동
1314,12516,12516,124900106,둔촌푸르지오아파트사거리,127.1448351,37.53434953,1174010600,강동구,둔촌동,77,19,0,298,3,0,0,1,61,30,1,0,3,10704,0.0937010954616588,5.314796425024826,18569,27154,3972,0,7,강동구둔촌동
